<?xml version="1.0" encoding="utf-8"?>
<WwiseDocument Type="UserProjectSettings" SchemaVersion="103">
	<UserProjectSettingsInfo>
		<UserProjectSettings Name="" ID="{C279A9BC-DE55-4556-8B9B-87437C0C8F00}">
			<PropertyList>
				<Property Name="EventView\FilterMode1" Type="int32" Value="2"/>
				<Property Name="ExternalSourcesInputPath" Type="string">
					<ValueList>
						<Value Platform="Mac"></Value>
						<Value Platform="Windows"></Value>
					</ValueList>
				</Property>
				<Property Name="ExternalSourcesOutputPath" Type="string">
					<ValueList>
						<Value Platform="Mac">GeneratedSoundBanks\Mac\</Value>
						<Value Platform="Windows">GeneratedSoundBanks\Windows\</Value>
					</ValueList>
				</Property>
				<Property Name="Game Profiler\Voice Monitor\LastBus" Type="string" Value="{00000000-0000-0000-0000-000000000000}"/>
				<Property Name="General\LatestLanguage" Type="int32" Value="684519430"/>
				<Property Name="General\LatestPlatform" Type="string" Value="Mac"/>
				<Property Name="HardwareController\CurrentSession" Type="string" Value="{00000000-0000-0000-0000-000000000000}"/>
				<Property Name="MeterView\LastObject1" Type="string" Value="{1514A4D8-1DA6-412A-A17E-75CA0C2149F3}"/>
				<Property Name="MeterView\LastObject2" Type="string" Value="{1514A4D8-1DA6-412A-A17E-75CA0C2149F3}"/>
				<Property Name="MeterView\MeterMode1" Type="int32" Value="1"/>
				<Property Name="MeterView\MeterMode1Viewpoint0" Type="int32" Value="1"/>
				<Property Name="MeterView\MeterMode1Viewpoint1" Type="int32" Value="2"/>
				<Property Name="MeterView\MeterMode1Viewpoint2" Type="int32" Value="3"/>
				<Property Name="MeterView\MeterMode1Viewpoint3" Type="int32" Value="0"/>
				<Property Name="MeterView\MeterMode2" Type="int32" Value="1"/>
				<Property Name="MeterView\MeterMode2Viewpoint0" Type="int32" Value="1"/>
				<Property Name="MeterView\MeterMode2Viewpoint1" Type="int32" Value="2"/>
				<Property Name="MeterView\MeterMode2Viewpoint2" Type="int32" Value="3"/>
				<Property Name="MeterView\MeterMode2Viewpoint3" Type="int32" Value="0"/>
				<Property Name="Mixing Desk\LastSession" Type="string" Value="{00000000-0000-0000-0000-000000000000}"/>
				<Property Name="MonitoringManager\GameObjectFilter\GameObjectFilterVersion" Type="int32" Value="1"/>
				<Property Name="MonitoringManager\GameObjectFilter\GameObjectFiltersEnable" Type="bool" Value="True"/>
				<Property Name="MonitoringManager\GameObjectFilter\x64_GameObjectFilters" Type="string" Value=""/>
				<Property Name="ProjectExplorer\FirstVisible_11_1" Type="string" Value="{4C96B38B-3DB4-40C7-91C9-665510E38993}"/>
				<Property Name="ProjectExplorer\FirstVisible_12_1" Type="string" Value="{23EC2DE3-3ED8-4B82-AC99-92E25F2E4C6B}"/>
				<Property Name="ProjectExplorer\FirstVisible_1_1" Type="string" Value="{27092F88-225A-1154-6725-C8A34F3D4482}"/>
				<Property Name="ProjectExplorer\FirstVisible_4_1" Type="string" Value="{A69BF0FC-D84A-487C-ABDD-56F71CB2A126}"/>
				<Property Name="ProjectExplorer\FirstVisible_5_1" Type="string" Value="{CB6175F1-6080-4A23-92EF-0807E304D0C1}"/>
				<Property Name="ProjectExplorer\FirstVisible_7_1" Type="string" Value="{C98E673F-A24C-48A8-960F-10565FFE70A0}"/>
				<Property Name="ProjectExplorer\FirstVisible_9_1" Type="string" Value="{41093F77-829F-4D88-8601-E8B25F3D4781}"/>
				<Property Name="ProjectExplorer\x64_Expanded_11_1" Type="string" Value=""/>
				<Property Name="ProjectExplorer\x64_Expanded_12_1" Type="string" Value=""/>
				<Property Name="ProjectExplorer\x64_Expanded_13_1" Type="string" Value=""/>
				<Property Name="ProjectExplorer\x64_Expanded_14_1" Type="string" Value=""/>
				<Property Name="ProjectExplorer\x64_Expanded_15_1" Type="string" Value=""/>
				<Property Name="ProjectExplorer\x64_Expanded_16_1" Type="string" Value=""/>
				<Property Name="ProjectExplorer\x64_Expanded_17_1" Type="string" Value=""/>
				<Property Name="ProjectExplorer\x64_Expanded_18_1" Type="string" Value=""/>
				<Property Name="ProjectExplorer\x64_Expanded_19_1" Type="string" Value=""/>
				<Property Name="ProjectExplorer\x64_Expanded_1_1" Type="string" Value=""/>
				<Property Name="ProjectExplorer\x64_Expanded_20_1" Type="string" Value=""/>
				<Property Name="ProjectExplorer\x64_Expanded_21_1" Type="string" Value=""/>
				<Property Name="ProjectExplorer\x64_Expanded_22_1" Type="string" Value=""/>
				<Property Name="ProjectExplorer\x64_Expanded_2_1" Type="string" Value=""/>
				<Property Name="ProjectExplorer\x64_Expanded_3_1" Type="string" Value="ptMCvhCt9kaCCL2kyQiY5g=="/>
				<Property Name="ProjectExplorer\x64_Expanded_4_1" Type="string" Value=""/>
				<Property Name="ProjectExplorer\x64_Expanded_5_1" Type="string" Value=""/>
				<Property Name="ProjectExplorer\x64_Expanded_6_1" Type="string" Value=""/>
				<Property Name="ProjectExplorer\x64_Expanded_7_1" Type="string" Value=""/>
				<Property Name="ProjectExplorer\x64_Expanded_8_1" Type="string" Value=""/>
				<Property Name="ProjectExplorer\x64_Expanded_9_1" Type="string" Value=""/>
				<Property Name="SoundBank Manager\x64_Expand States" Type="string" Value=""/>
				<Property Name="SoundBankHeaderFilePath" Type="string" Value="GeneratedSoundBanks\"/>
				<Property Name="SoundBankPaths" Type="string">
					<ValueList>
						<Value Platform="Mac">GeneratedSoundBanks\Mac\</Value>
						<Value Platform="Windows">GeneratedSoundBanks\Windows\</Value>
					</ValueList>
				</Property>
				<Property Name="SoundBankPostGenerateCustomCmdDescription" Type="string">
					<ValueList>
						<Value Platform="Mac">Copy Streamed Files</Value>
						<Value Platform="Windows">Copy Streamed Files</Value>
					</ValueList>
				</Property>
				<Property Name="SoundBankPostGenerateCustomCmdLines" Type="string">
					<ValueList>
						<Value Platform="Mac">"$(CopyStreamedFilesExePath)" -info "$(InfoFilePath)" -outputpath "$(SoundBankPath)" -banks "$(SoundBankListAsTextFile)" -languages "$(LanguageList)"</Value>
						<Value Platform="Windows">"$(CopyStreamedFilesExePath)" -info "$(InfoFilePath)" -outputpath "$(SoundBankPath)" -banks "$(SoundBankListAsTextFile)" -languages "$(LanguageList)"</Value>
					</ValueList>
				</Property>
				<Property Name="SoundBankPreGenerateCustomCmdDescription" Type="string">
					<ValueList>
						<Value Platform="Mac"></Value>
						<Value Platform="Windows"></Value>
					</ValueList>
				</Property>
				<Property Name="SoundBankPreGenerateCustomCmdLines" Type="string">
					<ValueList>
						<Value Platform="Mac"></Value>
						<Value Platform="Windows"></Value>
					</ValueList>
				</Property>
			</PropertyList>
		</UserProjectSettings>
	</UserProjectSettingsInfo>
</WwiseDocument>
